Наименование НКО,Учетный номер,ОРГН,Форма,Вид отчета,Период,URL
"Филиал Ассоциации ""Врачи Без Границ"" (Франция) в Российской Федерации",0016100043,,Ассоциация,СП0003,11.11.2013,http://unro.minjust.ru/NKOReports.aspx?mode=show_pdf_report&id=17584501
"Филиал Ассоциации ""Врачи Без Границ"" (Франция) в Российской Федерации",0016100043,,Ассоциация,СП0003,11.11.2013,http://unro.minjust.ru/NKOReports.aspx?mode=show_pdf_report&id=17584301
"Филиал Ассоциации ""Врачи Без Границ"" (Франция) в Российской Федерации",0016100043,,Ассоциация,СП0001,11.11.2013,http://unro.minjust.ru/NKOReports.aspx?mode=show_pdf_report&id=17584201
"Филиал объединения ""Конрад-Аденауэр-Штифтунг е.Ф."" (Германия) в Российской Федерации, Москва",0016020127,,Организация,СП0003,30.10.2013,http://unro.minjust.ru/NKOReports.aspx?mode=show_pdf_report&id=17558801
"Филиал объединения ""Конрад-Аденауэр-Штифтунг е.Ф."" (Германия) в Российской Федерации, Москва",0016020127,,Организация,СП0003,30.10.2013,http://unro.minjust.ru/NKOReports.aspx?mode=show_pdf_report&id=17558701
"Филиал объединения ""Конрад-Аденауэр-Штифтунг е.Ф."" (Германия) в Российской Федерации, Москва",0016020127,,Организация,СП0003,30.10.2013,http://unro.minjust.ru/NKOReports.aspx?mode=show_pdf_report&id=17558601
"Филиал объединения ""Конрад-Аденауэр-Штифтунг е.Ф."" (Германия) в Российской Федерации, Москва",0016020127,,Организация,СП0003,30.10.2013,http://unro.minjust.ru/NKOReports.aspx?mode=show_pdf_report&id=17558401
"Филиал объединения ""Конрад-Аденауэр-Штифтунг е.Ф."" (Германия) в Российской Федерации, Москва",0016020127,,Организация,СП0003,30.10.2013,http://unro.minjust.ru/NKOReports.aspx?mode=show_pdf_report&id=17558301
"Филиал объединения ""Конрад-Аденауэр-Штифтунг е.Ф."" (Германия) в Российской Федерации, Москва",0016020127,,Организация,СП0003,30.10.2013,http://unro.minjust.ru/NKOReports.aspx?mode=show_pdf_report&id=17558201
"Филиал объединения ""Конрад-Аденауэр-Штифтунг е.Ф."" (Германия) в Российской Федерации, Москва",0016020127,,Организация,СП0003,30.10.2013,http://unro.minjust.ru/NKOReports.aspx?mode=show_pdf_report&id=17558001
"Филиал объединения ""Конрад-Аденауэр-Штифтунг е.Ф."" (Германия) в Российской Федерации, Москва",0016020127,,Организация,СП0003,30.10.2013,http://unro.minjust.ru/NKOReports.aspx?mode=show_pdf_report&id=17557801
"Филиал объединения ""Конрад-Аденауэр-Штифтунг е.Ф."" (Германия) в Российской Федерации, Москва",0016020127,,Организация,СП0003,30.10.2013,http://unro.minjust.ru/NKOReports.aspx?mode=show_pdf_report&id=17557701
"Филиал объединения ""Конрад-Аденауэр-Штифтунг е.Ф."" (Германия) в Российской Федерации, Москва",0016020127,,Организация,СП0003,30.10.2013,http://unro.minjust.ru/NKOReports.aspx?mode=show_pdf_report&id=17557601
"Представительство Корпорации ""Кидсейв Интернейшнл"" (США) в Российской Федерации",0016050054,,Корпорация,СП0001,29.10.2013,http://unro.minjust.ru/NKOReports.aspx?mode=show_pdf_report&id=17555401
"Представительство Корпорации ""Кидсейв Интернейшнл"" (США) в Российской Федерации",0016050054,,Корпорация,СП0003,29.10.2013,http://unro.minjust.ru/NKOReports.aspx?mode=show_pdf_report&id=17555301
"Представительство Корпорации ""Кидсейв Интернейшнл"" (США) в Российской Федерации",0016050054,,Корпорация,СП0003,29.10.2013,http://unro.minjust.ru/NKOReports.aspx?mode=show_pdf_report&id=17555201
"Представительство Корпорации ""Кидсейв Интернейшнл"" (США) в Российской Федерации",0016050054,,Корпорация,СП0003,29.10.2013,http://unro.minjust.ru/NKOReports.aspx?mode=show_pdf_report&id=17555101
"Представительство Корпорации ""Кидсейв Интернейшнл"" (США) в Российской Федерации",0016050054,,Корпорация,СП0003,29.10.2013,http://unro.minjust.ru/NKOReports.aspx?mode=show_pdf_report&id=17555001
"Представительство корпорации ""Американские Советы по Международному Образованию: АСПРЯЛ/АКСЕЛС, Инк."" в Российской Федерации",0016050091,,Корпорация,СП0003,29.10.2013,http://unro.minjust.ru/NKOReports.aspx?mode=show_pdf_report&id=17554601
"Представительство Корпорации ""Американский Центр по Образованию и Тестированию, Инк."" в Россиской Федерации",0016050092,,Корпорация,СП0003,28.10.2013,http://unro.minjust.ru/NKOReports.aspx?mode=show_pdf_report&id=17550901
"Представительство Корпорации ""Американский Центр по Образованию и Тестированию, Инк."" в Россиской Федерации",0016050092,,Корпорация,СП0003,28.10.2013,http://unro.minjust.ru/NKOReports.aspx?mode=show_pdf_report&id=17550801
"Представительство Корпорации ""Американский Центр по Образованию и Тестированию, Инк."" в Россиской Федерации",0016050092,,Корпорация,СП0001,28.10.2013,http://unro.minjust.ru/NKOReports.aspx?mode=show_pdf_report&id=17550701
"Представительство корпорации ""Американские Советы по Международному Образованию: АСПРЯЛ/АКСЕЛС, Инк."" в Российской Федерации",0016050091,,Корпорация,СП0003,28.10.2013,http://unro.minjust.ru/NKOReports.aspx?mode=show_pdf_report&id=17550601
"Представительство корпорации ""Американские Советы по Международному Образованию: АСПРЯЛ/АКСЕЛС, Инк."" в Российской Федерации",0016050091,,Корпорация,СП0003,28.10.2013,http://unro.minjust.ru/NKOReports.aspx?mode=show_pdf_report&id=17550301
"Представительство корпорации ""Американские Советы по Международному Образованию: АСПРЯЛ/АКСЕЛС, Инк."" в Российской Федерации",0016050091,,Корпорация,СП0003,28.10.2013,http://unro.minjust.ru/NKOReports.aspx?mode=show_pdf_report&id=17550201
"Представительство корпорации ""Американские Советы по Международному Образованию: АСПРЯЛ/АКСЕЛС, Инк."" в Российской Федерации",0016050091,,Корпорация,СП0003,28.10.2013,http://unro.minjust.ru/NKOReports.aspx?mode=show_pdf_report&id=17550101
"Представительство корпорации ""Американские Советы по Международному Образованию: АСПРЯЛ/АКСЕЛС, Инк."" в Российской Федерации",0016050091,,Корпорация,СП0003,28.10.2013,http://unro.minjust.ru/NKOReports.aspx?mode=show_pdf_report&id=17550001
"Представительство корпорации ""Американские Советы по Международному Образованию: АСПРЯЛ/АКСЕЛС, Инк."" в Российской Федерации",0016050091,,Корпорация,СП0003,28.10.2013,http://unro.minjust.ru/NKOReports.aspx?mode=show_pdf_report&id=17549901
"Представительство корпорации ""Американские Советы по Международному Образованию: АСПРЯЛ/АКСЕЛС, Инк."" в Российской Федерации",0016050091,,Корпорация,СП0003,28.10.2013,http://unro.minjust.ru/NKOReports.aspx?mode=show_pdf_report&id=17549701
"Представительство корпорации ""Американские Советы по Международному Образованию: АСПРЯЛ/АКСЕЛС, Инк."" в Российской Федерации",0016050091,,Корпорация,СП0003,28.10.2013,http://unro.minjust.ru/NKOReports.aspx?mode=show_pdf_report&id=17549501
"Представительство корпорации ""Американские Советы по Международному Образованию: АСПРЯЛ/АКСЕЛС, Инк."" в Российской Федерации",0016050091,,Корпорация,СП0003,28.10.2013,http://unro.minjust.ru/NKOReports.aspx?mode=show_pdf_report&id=17549301
"Представительство корпорации ""Американские Советы по Международному Образованию: АСПРЯЛ/АКСЕЛС, Инк."" в Российской Федерации",0016050091,,Корпорация,СП0003,28.10.2013,http://unro.minjust.ru/NKOReports.aspx?mode=show_pdf_report&id=17548801
"Представительство корпорации ""Американские Советы по Международному Образованию: АСПРЯЛ/АКСЕЛС, Инк."" в Российской Федерации",0016050091,,Корпорация,СП0001,28.10.2013,http://unro.minjust.ru/NKOReports.aspx?mode=show_pdf_report&id=17548701
"Филиал некоммерческой ассоциации ""Медесан сон фронтиер"" (Нидерланды) в Российской Федерации",0016100024,,Ассоциация,СП0001,23.10.2013,http://unro.minjust.ru/NKOReports.aspx?mode=show_pdf_report&id=17539401
"Филиал некоммерческой ассоциации ""Медесан сон фронтиер"" (Нидерланды) в Российской Федерации",0016100024,,Ассоциация,СП0003,23.10.2013,http://unro.minjust.ru/NKOReports.aspx?mode=show_pdf_report&id=17539101
"Филиал некоммерческой ассоциации ""Медесан сон фронтиер"" (Нидерланды) в Российской Федерации",0016100024,,Ассоциация,СП0003,23.10.2013,http://unro.minjust.ru/NKOReports.aspx?mode=show_pdf_report&id=17539001
"Филиал корпорации ""Интернэшнл Медикал Кор"" (США) в Российской Федерации",0016050086,,Корпорация,СП0003,22.10.2013,http://unro.minjust.ru/NKOReports.aspx?mode=show_pdf_report&id=17535201
"Филиал корпорации ""Интернэшнл Медикал Кор"" (США) в Российской Федерации",0016050086,,Корпорация,СП0001,22.10.2013,http://unro.minjust.ru/NKOReports.aspx?mode=show_pdf_report&id=17535101
"Отделение Международной культурно-просветительской организации ""ХАМА"" (Израиль)",0016020045,1027739240451,Организация,СП0002,15.10.2013,http://unro.minjust.ru/NKOReports.aspx?mode=show_pdf_report&id=17522501
Представительство Некоммерческой корпорации Американского Фонда гражданских исследований и развития (США) в Российской Федерации,0016050035,,Корпорация,СП0003,15.10.2013,http://unro.minjust.ru/NKOReports.aspx?mode=show_pdf_report&id=17521901
Представительство Некоммерческой корпорации Американского Фонда гражданских исследований и развития (США) в Российской Федерации,0016050035,,Корпорация,СП0003,15.10.2013,http://unro.minjust.ru/NKOReports.aspx?mode=show_pdf_report&id=17521801
Представительство Некоммерческой корпорации Американского Фонда гражданских исследований и развития (США) в Российской Федерации,0016050035,,Корпорация,СП0003,15.10.2013,http://unro.minjust.ru/NKOReports.aspx?mode=show_pdf_report&id=17521701
Представительство Некоммерческой корпорации Американского Фонда гражданских исследований и развития (США) в Российской Федерации,0016050035,,Корпорация,СП0001,15.10.2013,http://unro.minjust.ru/NKOReports.aspx?mode=show_pdf_report&id=17521501
Представительство Некоммерческой корпорации Американского Фонда гражданских исследований и развития (США) в Российской Федерации,0016050035,,Корпорация,СП0003,15.10.2013,http://unro.minjust.ru/NKOReports.aspx?mode=show_pdf_report&id=17521401
"Представительство Корпорации ""Кидсейв Интернейшнл"" (США) в Российской Федерации",0016050054,,Корпорация,СП0003,14.10.2013,http://unro.minjust.ru/NKOReports.aspx?mode=show_pdf_report&id=17519601
"Представительство Корпорации ""Ньюклиа Трит Инишиэйтив, Инк"", США, В Российской Федерации",0016050052,,Корпорация,СП0001,31.07.2013,http://unro.minjust.ru/NKOReports.aspx?mode=show_pdf_report&id=17280301
"Представительство организации ""Право на здоровье"" (США) в Росийской Федерации",0016050104,,Корпорация,СП0001,29.07.2013,http://unro.minjust.ru/NKOReports.aspx?mode=show_pdf_report&id=17273201
"Представительство Корпорации ""Кидсейв Интернейшнл"" (США) в Российской Федерации",0016050054,,Корпорация,СП0001,29.07.2013,http://unro.minjust.ru/NKOReports.aspx?mode=show_pdf_report&id=17273101
"Представительство Корпорации ""Американский Центр по Образованию и Тестированию, Инк."" в Россиской Федерации",0016050092,,Корпорация,СП0001,29.07.2013,http://unro.minjust.ru/NKOReports.aspx?mode=show_pdf_report&id=17272201
"Филиал Ассоциации ""Врачи Без Границ"" (Франция) в Российской Федерации",0016100043,,Ассоциация,СП0001,23.07.2013,http://unro.minjust.ru/NKOReports.aspx?mode=show_pdf_report&id=17254101
"Филиал корпорации ""Интернэшнл Медикал Кор"" (США) в Российской Федерации",0016050086,,Корпорация,СП0001,17.07.2013,http://unro.minjust.ru/NKOReports.aspx?mode=show_pdf_report&id=17231401
"Представительство корпорации ""Американские Советы по Международному Образованию: АСПРЯЛ/АКСЕЛС, Инк."" в Российской Федерации",0016050091,,Корпорация,СП0001,17.07.2013,http://unro.minjust.ru/NKOReports.aspx?mode=show_pdf_report&id=17229301
"Представительство корпорации ""Американские Советы по Международному Образованию: АСПРЯЛ/АКСЕЛС, Инк."" в Российской Федерации",0016050091,,Корпорация,СП0003,17.07.2013,http://unro.minjust.ru/NKOReports.aspx?mode=show_pdf_report&id=17229201
Представительство Некоммерческой корпорации Американского Фонда гражданских исследований и развития (США) в Российской Федерации,0016050035,,Корпорация,СП0001,16.07.2013,http://unro.minjust.ru/NKOReports.aspx?mode=show_pdf_report&id=17225401
"Филиал некоммерческой ассоциации ""Медесан сон фронтиер"" (Нидерланды) в Российской Федерации",0016100024,,Ассоциация,СП0001,10.07.2013,http://unro.minjust.ru/NKOReports.aspx?mode=show_pdf_report&id=17200901
Представительство Национального исследовательского фонда  Кореи (Республика Корея)  в Российской Федерации,0016040031,,Фонд,СП0002,09.07.2013,http://unro.minjust.ru/NKOReports.aspx?mode=show_pdf_report&id=17196701
Представительство Национального исследовательского фонда  Кореи (Республика Корея)  в Российской Федерации,0016040031,,Фонд,СП0001,09.07.2013,http://unro.minjust.ru/NKOReports.aspx?mode=show_pdf_report&id=17196601
"Филиал Объединения ""Пенал Реформ Интернешнл"" в Российской Федерации (Нидерланды)",0016020097,,Организация,СП0001,09.07.2013,http://unro.minjust.ru/NKOReports.aspx?mode=show_pdf_report&id=17195301
"Представительство Корпорации ""Американский Центр по Образованию и Тестированию, Инк."" в Россиской Федерации",0016050092,,Корпорация,СП0001,29.04.2013,http://unro.minjust.ru/NKOReports.aspx?mode=show_pdf_report&id=16783201
"Филиал некоммерческой ассоциации ""Медесан сон фронтиер"" (Нидерланды) в Российской Федерации",0016100024,,Ассоциация,СП0001,24.04.2013,http://unro.minjust.ru/NKOReports.aspx?mode=show_pdf_report&id=16730301
Представительство Некоммерческой корпорации Американского Фонда гражданских исследований и развития (США) в Российской Федерации,0016050035,,Корпорация,СП0001,17.04.2013,http://unro.minjust.ru/NKOReports.aspx?mode=show_pdf_report&id=16601201
"Филиал объединения ""Конрад-Аденауэр-Штифтунг е.Ф."" (Германия) в Российской Федерации, Москва",0016020127,,Организация,СП0003,15.04.2013,http://unro.minjust.ru/NKOReports.aspx?mode=show_pdf_report&id=16389101
"Филиал объединения ""Конрад-Аденауэр-Штифтунг е.Ф."" (Германия) в Российской Федерации, Москва",0016020127,,Организация,СП0003,15.04.2013,http://unro.minjust.ru/NKOReports.aspx?mode=show_pdf_report&id=16387401
"Филиал объединения ""Конрад-Аденауэр-Штифтунг е.Ф."" (Германия) в Российской Федерации, Москва",0016020127,,Организация,СП0003,15.04.2013,http://unro.minjust.ru/NKOReports.aspx?mode=show_pdf_report&id=16385501
"Филиал объединения ""Конрад-Аденауэр-Штифтунг е.Ф."" (Германия) в Российской Федерации, Москва",0016020127,,Организация,СП0003,15.04.2013,http://unro.minjust.ru/NKOReports.aspx?mode=show_pdf_report&id=16383301
"Филиал объединения ""Конрад-Аденауэр-Штифтунг е.Ф."" (Германия) в Российской Федерации, Москва",0016020127,,Организация,СП0003,15.04.2013,http://unro.minjust.ru/NKOReports.aspx?mode=show_pdf_report&id=16381401
"Филиал объединения ""Конрад-Аденауэр-Штифтунг е.Ф."" (Германия) в Российской Федерации, Москва",0016020127,,Организация,СП0003,15.04.2013,http://unro.minjust.ru/NKOReports.aspx?mode=show_pdf_report&id=16379001
"Филиал объединения ""Конрад-Аденауэр-Штифтунг е.Ф."" (Германия) в Российской Федерации, Москва",0016020127,,Организация,СП0003,15.04.2013,http://unro.minjust.ru/NKOReports.aspx?mode=show_pdf_report&id=16378601
"Филиал объединения ""Конрад-Аденауэр-Штифтунг е.Ф."" (Германия) в Российской Федерации, Москва",0016020127,,Организация,СП0003,15.04.2013,http://unro.minjust.ru/NKOReports.aspx?mode=show_pdf_report&id=16375501
"Филиал объединения ""Конрад-Аденауэр-Штифтунг е.Ф."" (Германия) в Российской Федерации, Москва",0016020127,,Организация,СП0003,15.04.2013,http://unro.minjust.ru/NKOReports.aspx?mode=show_pdf_report&id=16373801
"Филиал объединения ""Конрад-Аденауэр-Штифтунг е.Ф."" (Германия) в Российской Федерации, Москва",0016020127,,Организация,СП0003,15.04.2013,http://unro.minjust.ru/NKOReports.aspx?mode=show_pdf_report&id=16372601
"Филиал объединения ""Конрад-Аденауэр-Штифтунг е.Ф."" (Германия) в Российской Федерации, Москва",0016020127,,Организация,СП0002,15.04.2013,http://unro.minjust.ru/NKOReports.aspx?mode=show_pdf_report&id=16368401
"Филиал объединения ""Конрад-Аденауэр-Штифтунг е.Ф."" (Германия) в Российской Федерации, Москва",0016020127,,Организация,СП0001,15.04.2013,http://unro.minjust.ru/NKOReports.aspx?mode=show_pdf_report&id=16364601
"Филиал Объединения ""Пенал Реформ Интернешнл"" в Российской Федерации (Нидерланды)",0016020097,,Организация,СП0001,15.04.2013,http://unro.minjust.ru/NKOReports.aspx?mode=show_pdf_report&id=16294001
Представительство Экономического клуба Россия в г. Москва,0016020135,,Организация,СП0003,15.04.2013,http://unro.minjust.ru/NKOReports.aspx?mode=show_pdf_report&id=16235801
Представительство Экономического клуба Россия в г. Москва,0016020135,,Организация,СП0002,15.04.2013,http://unro.minjust.ru/NKOReports.aspx?mode=show_pdf_report&id=16235201
Представительство Экономического клуба Россия в г. Москва,0016020135,,Организация,СП0001,15.04.2013,http://unro.minjust.ru/NKOReports.aspx?mode=show_pdf_report&id=16234501
"Представительство Корпорации ""Кидсейв Интернейшнл"" (США) в Российской Федерации",0016050054,,Корпорация,СП0001,13.04.2013,http://unro.minjust.ru/NKOReports.aspx?mode=show_pdf_report&id=15904001
"Представительство Корпорации ""Кидсейв Интернейшнл"" (США) в Российской Федерации",0016050054,,Корпорация,СП0002,13.04.2013,http://unro.minjust.ru/NKOReports.aspx?mode=show_pdf_report&id=15903001
"Представительство организации ""Право на здоровье"" (США) в Росийской Федерации",0016050104,,Корпорация,СП0002,12.04.2013,http://unro.minjust.ru/NKOReports.aspx?mode=show_pdf_report&id=15812601
"Представительство организации ""Право на здоровье"" (США) в Росийской Федерации",0016050104,,Корпорация,СП0001,12.04.2013,http://unro.minjust.ru/NKOReports.aspx?mode=show_pdf_report&id=15811901
"Представительство корпорации ""Американские Советы по Международному Образованию: АСПРЯЛ/АКСЕЛС, Инк."" в Российской Федерации",0016050091,,Корпорация,СП0002,12.04.2013,http://unro.minjust.ru/NKOReports.aspx?mode=show_pdf_report&id=15790301
"Филиал Ассоциации ""Врачи Без Границ"" (Франция) в Российской Федерации",0016100043,,Ассоциация,СП0002,12.04.2013,http://unro.minjust.ru/NKOReports.aspx?mode=show_pdf_report&id=15610701
"Филиал Ассоциации ""Врачи Без Границ"" (Франция) в Российской Федерации",0016100043,,Ассоциация,СП0001,12.04.2013,http://unro.minjust.ru/NKOReports.aspx?mode=show_pdf_report&id=15603501
"Представительство корпорации ""Американские Советы по Международному Образованию: АСПРЯЛ/АКСЕЛС, Инк."" в Российской Федерации",0016050091,,Корпорация,СП0001,11.04.2013,http://unro.minjust.ru/NKOReports.aspx?mode=show_pdf_report&id=15457501
"Представительство некоммерческой корпорация ""Прожект Хармони, Инк."" (США) в Российской Федерации",0016050030,,Корпорация,СП0002,09.04.2013,http://unro.minjust.ru/NKOReports.aspx?mode=show_pdf_report&id=14931001
Представительство Национального исследовательского фонда  Кореи (Республика Корея)  в Российской Федерации,0016040031,,Фонд,СП0001,05.04.2013,http://unro.minjust.ru/NKOReports.aspx?mode=show_pdf_report&id=14538401
"Филиал Объединения ""Пенал Реформ Интернешнл"" в Российской Федерации (Нидерланды)",0016020097,,Организация,СП0003,04.04.2013,http://unro.minjust.ru/NKOReports.aspx?mode=show_pdf_report&id=14464101
"Филиал Объединения ""Пенал Реформ Интернешнл"" в Российской Федерации (Нидерланды)",0016020097,,Организация,СП0003,04.04.2013,http://unro.minjust.ru/NKOReports.aspx?mode=show_pdf_report&id=14463201
"Филиал Объединения ""Пенал Реформ Интернешнл"" в Российской Федерации (Нидерланды)",0016020097,,Организация,СП0003,04.04.2013,http://unro.minjust.ru/NKOReports.aspx?mode=show_pdf_report&id=14457301
"Филиал Объединения ""Пенал Реформ Интернешнл"" в Российской Федерации (Нидерланды)",0016020097,,Организация,СП0001,04.04.2013,http://unro.minjust.ru/NKOReports.aspx?mode=show_pdf_report&id=14454301
"Филиал Объединения ""Пенал Реформ Интернешнл"" в Российской Федерации (Нидерланды)",0016020097,,Организация,СП0003,03.04.2013,http://unro.minjust.ru/NKOReports.aspx?mode=show_pdf_report&id=14336101
"Филиал Объединения ""Пенал Реформ Интернешнл"" в Российской Федерации (Нидерланды)",0016020097,,Организация,СП0003,03.04.2013,http://unro.minjust.ru/NKOReports.aspx?mode=show_pdf_report&id=14334901
"Филиал Объединения ""Пенал Реформ Интернешнл"" в Российской Федерации (Нидерланды)",0016020097,,Организация,СП0003,03.04.2013,http://unro.minjust.ru/NKOReports.aspx?mode=show_pdf_report&id=14333601
"Филиал Объединения ""Пенал Реформ Интернешнл"" в Российской Федерации (Нидерланды)",0016020097,,Организация,СП0002,02.04.2013,http://unro.minjust.ru/NKOReports.aspx?mode=show_pdf_report&id=14206501
"Филиал Объединения ""Пенал Реформ Интернешнл"" в Российской Федерации (Нидерланды)",0016020097,,Организация,СП0002,02.04.2013,http://unro.minjust.ru/NKOReports.aspx?mode=show_pdf_report&id=14206101
"Филиал некоммерческой ассоциации ""Медесан сон фронтиер"" (Нидерланды) в Российской Федерации",0016100024,,Ассоциация,СП0002,02.04.2013,http://unro.minjust.ru/NKOReports.aspx?mode=show_pdf_report&id=14150301
"Филиал Объединения ""Пенал Реформ Интернешнл"" в Российской Федерации (Нидерланды)",0016020097,,Организация,СП0003,01.04.2013,http://unro.minjust.ru/NKOReports.aspx?mode=show_pdf_report&id=14084001
"Филиал Объединения ""Пенал Реформ Интернешнл"" в Российской Федерации (Нидерланды)",0016020097,,Организация,СП0003,01.04.2013,http://unro.minjust.ru/NKOReports.aspx?mode=show_pdf_report&id=14080101
"Филиал Объединения ""Пенал Реформ Интернешнл"" в Российской Федерации (Нидерланды)",0016020097,,Организация,СП0003,01.04.2013,http://unro.minjust.ru/NKOReports.aspx?mode=show_pdf_report&id=14057101
"Отделение ""Россия без нацизма"" Международного правозащитного движения ""Мир без нацизма"" (Франция)",0016030002,1127799015520,Движение,СП0002,27.03.2013,http://unro.minjust.ru/NKOReports.aspx?mode=show_pdf_report&id=13639801
"Отделение ""Россия без нацизма"" Международного правозащитного движения ""Мир без нацизма"" (Франция)",0016030002,1127799015520,Движение,СП0001,27.03.2013,http://unro.minjust.ru/NKOReports.aspx?mode=show_pdf_report&id=13639701
"Отделение международной неправительственной некоммерческой организации ""Совет Гринпис"" - ГРИНПИС",0016020055,1037739393713,Организация,СП0002,25.03.2013,http://unro.minjust.ru/NKOReports.aspx?mode=show_pdf_report&id=13354201
"Представительство некомерческой корпорации ""ФОНД ЕВРАЗИЯ"" (США) в Российской Федерации",0016050116,,Корпорация,СП0003,24.03.2013,http://unro.minjust.ru/NKOReports.aspx?mode=show_pdf_report&id=13294601
"Филиал Объединения ""Пенал Реформ Интернешнл"" в Российской Федерации (Нидерланды)",0016020097,,Организация,СП0002,20.03.2013,http://unro.minjust.ru/NKOReports.aspx?mode=show_pdf_report&id=13112901
Представительство Некоммерческой корпорации Американского Фонда гражданских исследований и развития (США) в Российской Федерации,0016050035,,Корпорация,СП0002,20.03.2013,http://unro.minjust.ru/NKOReports.aspx?mode=show_pdf_report&id=13090001
"Представительство Некоммерческой организации ""Еврейское агентство для Израиля"" в Российской Федерации""",0016020129,,Организация,СП0002,20.03.2013,http://unro.minjust.ru/NKOReports.aspx?mode=show_pdf_report&id=13088701
"Представительство корпорации ""Американские Советы по Международному Образованию: АСПРЯЛ/АКСЕЛС, Инк."" в Российской Федерации",0016050091,,Корпорация,СП0003,14.03.2013,http://unro.minjust.ru/NKOReports.aspx?mode=show_pdf_report&id=12771101
"Филиал некоммерческой ассоциации ""Медесан сон фронтиер"" (Нидерланды) в Российской Федерации",0016100024,,Ассоциация,СП0003,07.03.2013,http://unro.minjust.ru/NKOReports.aspx?mode=show_pdf_report&id=12433201
"Филиал некоммерческой ассоциации ""Медесан сон фронтиер"" (Нидерланды) в Российской Федерации",0016100024,,Ассоциация,СП0003,07.03.2013,http://unro.minjust.ru/NKOReports.aspx?mode=show_pdf_report&id=12431601
"Филиал некоммерческой ассоциации ""Медесан сон фронтиер"" (Нидерланды) в Российской Федерации",0016100024,,Ассоциация,СП0003,07.03.2013,http://unro.minjust.ru/NKOReports.aspx?mode=show_pdf_report&id=12431301
"Представительство некоммерческой корпорации ""Смоул Уорлд Эдопшн Фондэйшн оф Миссури, Инк"" (США) в Российской Федерации",0016050036,,Корпорация,СП0002,02.02.2013,http://unro.minjust.ru/NKOReports.aspx?mode=show_pdf_report&id=11537201
"Представительство организации ""Право на здоровье"" (США) в Росийской Федерации",0016050104,,Корпорация,СП0001,31.01.2013,http://unro.minjust.ru/NKOReports.aspx?mode=show_pdf_report&id=11505801
"Представительство некоммерческой корпорации ""Смоул Уорлд Эдопшн Фондэйшн оф Миссури, Инк"" (США) в Российской Федерации",0016050036,,Корпорация,СП0001,30.01.2013,http://unro.minjust.ru/NKOReports.aspx?mode=show_pdf_report&id=11477501
"Филиал Ассоциации ""Врачи Без Границ"" (Франция) в Российской Федерации",0016100043,,Ассоциация,СП0001,30.01.2013,http://unro.minjust.ru/NKOReports.aspx?mode=show_pdf_report&id=11462201
"Представительство Корпорации ""Кидсейв Интернейшнл"" (США) в Российской Федерации",0016050054,,Корпорация,СП0001,29.01.2013,http://unro.minjust.ru/NKOReports.aspx?mode=show_pdf_report&id=11446101
"Представительство корпорации ""Американские Советы по Международному Образованию: АСПРЯЛ/АКСЕЛС, Инк."" в Российской Федерации",0016050091,,Корпорация,СП0001,28.01.2013,http://unro.minjust.ru/NKOReports.aspx?mode=show_pdf_report&id=11405601
"Представительство Корпорации ""Американский Центр по Образованию и Тестированию, Инк."" в Россиской Федерации",0016050092,,Корпорация,СП0001,28.01.2013,http://unro.minjust.ru/NKOReports.aspx?mode=show_pdf_report&id=11405501
"Представительство некоммерческой ассоциация "" Н.А.А.А. Нэтворк Аюто Ассистенца Аккольенца-Онлус"" (Италия) в Российской Федерации",0016100052,,Ассоциация,СП0003,17.01.2013,http://unro.minjust.ru/NKOReports.aspx?mode=show_pdf_report&id=11207701
"Представительство некоммерческой ассоциация "" Н.А.А.А. Нэтворк Аюто Ассистенца Аккольенца-Онлус"" (Италия) в Российской Федерации",0016100052,,Ассоциация,СП0003,17.01.2013,http://unro.minjust.ru/NKOReports.aspx?mode=show_pdf_report&id=11207601
"Представительство некоммерческой ассоциация "" Н.А.А.А. Нэтворк Аюто Ассистенца Аккольенца-Онлус"" (Италия) в Российской Федерации",0016100052,,Ассоциация,СП0003,17.01.2013,http://unro.minjust.ru/NKOReports.aspx?mode=show_pdf_report&id=11207501
"Представительство некоммерческой ассоциация "" Н.А.А.А. Нэтворк Аюто Ассистенца Аккольенца-Онлус"" (Италия) в Российской Федерации",0016100052,,Ассоциация,СП0003,17.01.2013,http://unro.minjust.ru/NKOReports.aspx?mode=show_pdf_report&id=11207401
"Представительство некоммерческой ассоциация "" Н.А.А.А. Нэтворк Аюто Ассистенца Аккольенца-Онлус"" (Италия) в Российской Федерации",0016100052,,Ассоциация,СП0002,17.01.2013,http://unro.minjust.ru/NKOReports.aspx?mode=show_pdf_report&id=11207201
"Представительство некоммерческой ассоциация "" Н.А.А.А. Нэтворк Аюто Ассистенца Аккольенца-Онлус"" (Италия) в Российской Федерации",0016100052,,Ассоциация,СП0001,17.01.2013,http://unro.minjust.ru/NKOReports.aspx?mode=show_pdf_report&id=11207001
"Представительство корпорации ""Американские Советы по Международному Образованию: АСПРЯЛ/АКСЕЛС, Инк."" в Российской Федерации",0016050091,,Корпорация,СП0003,16.01.2013,http://unro.minjust.ru/NKOReports.aspx?mode=show_pdf_report&id=11173001
"Представительство некоммерческой ассоциация "" Н.А.А.А. Нэтворк Аюто Ассистенца Аккольенца-Онлус"" (Италия) в Российской Федерации",0016100052,,Ассоциация,СП0001,15.11.2012,http://unro.minjust.ru/NKOReports.aspx?mode=show_pdf_report&id=10846501
"Представительство некоммерческой ассоциация "" Н.А.А.А. Нэтворк Аюто Ассистенца Аккольенца-Онлус"" (Италия) в Российской Федерации",0016100052,,Ассоциация,СП0001,15.11.2012,http://unro.minjust.ru/NKOReports.aspx?mode=show_pdf_report&id=10846401
"Представительство некоммерческой ассоциация "" Н.А.А.А. Нэтворк Аюто Ассистенца Аккольенца-Онлус"" (Италия) в Российской Федерации",0016100052,,Ассоциация,СП0001,15.11.2012,http://unro.minjust.ru/NKOReports.aspx?mode=show_pdf_report&id=10846301
"Представительство некоммерческой ассоциация "" Н.А.А.А. Нэтворк Аюто Ассистенца Аккольенца-Онлус"" (Италия) в Российской Федерации",0016100052,,Ассоциация,СП0001,15.11.2012,http://unro.minjust.ru/NKOReports.aspx?mode=show_pdf_report&id=10846201
"Представительство некоммерческой ассоциация "" Н.А.А.А. Нэтворк Аюто Ассистенца Аккольенца-Онлус"" (Италия) в Российской Федерации",0016100052,,Ассоциация,СП0001,15.11.2012,http://unro.minjust.ru/NKOReports.aspx?mode=show_pdf_report&id=10846101
"Представительство некоммерческой ассоциация "" Н.А.А.А. Нэтворк Аюто Ассистенца Аккольенца-Онлус"" (Италия) в Российской Федерации",0016100052,,Ассоциация,СП0001,14.11.2012,http://unro.minjust.ru/NKOReports.aspx?mode=show_pdf_report&id=10844201
"Представительство некоммерческой ассоциация "" Н.А.А.А. Нэтворк Аюто Ассистенца Аккольенца-Онлус"" (Италия) в Российской Федерации",0016100052,,Ассоциация,СП0001,14.11.2012,http://unro.minjust.ru/NKOReports.aspx?mode=show_pdf_report&id=10844001
"Представительство некоммерческой ассоциация "" Н.А.А.А. Нэтворк Аюто Ассистенца Аккольенца-Онлус"" (Италия) в Российской Федерации",0016100052,,Ассоциация,СП0003,14.11.2012,http://unro.minjust.ru/NKOReports.aspx?mode=show_pdf_report&id=10843901
"Представительство некоммерческой ассоциация "" Н.А.А.А. Нэтворк Аюто Ассистенца Аккольенца-Онлус"" (Италия) в Российской Федерации",0016100052,,Ассоциация,СП0002,14.11.2012,http://unro.minjust.ru/NKOReports.aspx?mode=show_pdf_report&id=10843801
"Представительство организации ""Право на здоровье"" (США) в Росийской Федерации",0016050104,,Корпорация,СП0001,01.11.2012,http://unro.minjust.ru/NKOReports.aspx?mode=show_pdf_report&id=10812501
"Представительство организации ""Право на здоровье"" (США) в Росийской Федерации",0016050104,,Корпорация,СП0003,01.11.2012,http://unro.minjust.ru/NKOReports.aspx?mode=show_pdf_report&id=10812401
"Представительство организации ""Право на здоровье"" (США) в Росийской Федерации",0016050104,,Корпорация,СП0003,01.11.2012,http://unro.minjust.ru/NKOReports.aspx?mode=show_pdf_report&id=10812301
"Представительство организации ""Право на здоровье"" (США) в Росийской Федерации",0016050104,,Корпорация,СП0003,01.11.2012,http://unro.minjust.ru/NKOReports.aspx?mode=show_pdf_report&id=10812201
"Представительство организации ""Право на здоровье"" (США) в Росийской Федерации",0016050104,,Корпорация,СП0003,01.11.2012,http://unro.minjust.ru/NKOReports.aspx?mode=show_pdf_report&id=10812101
"Представительство организации ""Право на здоровье"" (США) в Росийской Федерации",0016050104,,Корпорация,СП0003,01.11.2012,http://unro.minjust.ru/NKOReports.aspx?mode=show_pdf_report&id=10812001
"Представительство организации ""Право на здоровье"" (США) в Росийской Федерации",0016050104,,Корпорация,СП0003,01.11.2012,http://unro.minjust.ru/NKOReports.aspx?mode=show_pdf_report&id=10811901
"Представительство организации ""Право на здоровье"" (США) в Росийской Федерации",0016050104,,Корпорация,СП0003,01.11.2012,http://unro.minjust.ru/NKOReports.aspx?mode=show_pdf_report&id=10811801
"Представительство организации ""Право на здоровье"" (США) в Росийской Федерации",0016050104,,Корпорация,СП0003,01.11.2012,http://unro.minjust.ru/NKOReports.aspx?mode=show_pdf_report&id=10811601
"Представительство Корпорации ""Кидсейв Интернейшнл"" (США) в Российской Федерации",0016050054,,Корпорация,СП0003,31.10.2012,http://unro.minjust.ru/NKOReports.aspx?mode=show_pdf_report&id=10808101
"Представительство Корпорации ""Кидсейв Интернейшнл"" (США) в Российской Федерации",0016050054,,Корпорация,СП0003,31.10.2012,http://unro.minjust.ru/NKOReports.aspx?mode=show_pdf_report&id=10807501
"Представительство Корпорации ""Кидсейв Интернейшнл"" (США) в Российской Федерации",0016050054,,Корпорация,СП0003,31.10.2012,http://unro.minjust.ru/NKOReports.aspx?mode=show_pdf_report&id=10807301
"Представительство корпорации ""Американские Советы по Международному Образованию: АСПРЯЛ/АКСЕЛС, Инк."" в Российской Федерации",0016050091,,Корпорация,СП0003,31.10.2012,http://unro.minjust.ru/NKOReports.aspx?mode=show_pdf_report&id=10807201
"Представительство Корпорации ""Кидсейв Интернейшнл"" (США) в Российской Федерации",0016050054,,Корпорация,СП0001,31.10.2012,http://unro.minjust.ru/NKOReports.aspx?mode=show_pdf_report&id=10807101
"Представительство корпорации ""Американские Советы по Международному Образованию: АСПРЯЛ/АКСЕЛС, Инк."" в Российской Федерации",0016050091,,Корпорация,СП0003,31.10.2012,http://unro.minjust.ru/NKOReports.aspx?mode=show_pdf_report&id=10807001
"Представительство корпорации ""Американские Советы по Международному Образованию: АСПРЯЛ/АКСЕЛС, Инк."" в Российской Федерации",0016050091,,Корпорация,СП0003,31.10.2012,http://unro.minjust.ru/NKOReports.aspx?mode=show_pdf_report&id=10806901
"Представительство корпорации ""Американские Советы по Международному Образованию: АСПРЯЛ/АКСЕЛС, Инк."" в Российской Федерации",0016050091,,Корпорация,СП0003,31.10.2012,http://unro.minjust.ru/NKOReports.aspx?mode=show_pdf_report&id=10806601
"Представительство корпорации ""Американские Советы по Международному Образованию: АСПРЯЛ/АКСЕЛС, Инк."" в Российской Федерации",0016050091,,Корпорация,СП0003,31.10.2012,http://unro.minjust.ru/NKOReports.aspx?mode=show_pdf_report&id=10806301
"Представительство корпорации ""Американские Советы по Международному Образованию: АСПРЯЛ/АКСЕЛС, Инк."" в Российской Федерации",0016050091,,Корпорация,СП0003,31.10.2012,http://unro.minjust.ru/NKOReports.aspx?mode=show_pdf_report&id=10806201
"Представительство корпорации ""Американские Советы по Международному Образованию: АСПРЯЛ/АКСЕЛС, Инк."" в Российской Федерации",0016050091,,Корпорация,СП0003,31.10.2012,http://unro.minjust.ru/NKOReports.aspx?mode=show_pdf_report&id=10806101
"Представительство корпорации ""Американские Советы по Международному Образованию: АСПРЯЛ/АКСЕЛС, Инк."" в Российской Федерации",0016050091,,Корпорация,СП0003,31.10.2012,http://unro.minjust.ru/NKOReports.aspx?mode=show_pdf_report&id=10805801
"Представительство корпорации ""Американские Советы по Международному Образованию: АСПРЯЛ/АКСЕЛС, Инк."" в Российской Федерации",0016050091,,Корпорация,СП0003,31.10.2012,http://unro.minjust.ru/NKOReports.aspx?mode=show_pdf_report&id=10805701
"Представительство корпорации ""Американские Советы по Международному Образованию: АСПРЯЛ/АКСЕЛС, Инк."" в Российской Федерации",0016050091,,Корпорация,СП0001,31.10.2012,http://unro.minjust.ru/NKOReports.aspx?mode=show_pdf_report&id=10805201
"Представительство Корпорации ""Американский Центр по Образованию и Тестированию, Инк."" в Россиской Федерации",0016050092,,Корпорация,СП0003,31.10.2012,http://unro.minjust.ru/NKOReports.aspx?mode=show_pdf_report&id=10805101
"Представительство Корпорации ""Американский Центр по Образованию и Тестированию, Инк."" в Россиской Федерации",0016050092,,Корпорация,СП0001,31.10.2012,http://unro.minjust.ru/NKOReports.aspx?mode=show_pdf_report&id=10804901
"Представительство Корпорации ""Ньюклиа Трит Инишиэйтив, Инк"", США, В Российской Федерации",0016050052,,Корпорация,СП0003,30.10.2012,http://unro.minjust.ru/NKOReports.aspx?mode=show_pdf_report&id=10800401
"Представительство Корпорации ""Ньюклиа Трит Инишиэйтив, Инк"", США, В Российской Федерации",0016050052,,Корпорация,СП0001,30.10.2012,http://unro.minjust.ru/NKOReports.aspx?mode=show_pdf_report&id=10800301
"Представительство некоммерческой организации  ""ГБК-Здоровье"" (США) в Российской Федерации",0016020084,,Организация,СП0001,30.10.2012,http://unro.minjust.ru/NKOReports.aspx?mode=show_pdf_report&id=10800201
"Филиал Ассоциации ""Врачи Без Границ"" (Франция) в Российской Федерации",0016100043,,Ассоциация,СП0003,29.10.2012,http://unro.minjust.ru/NKOReports.aspx?mode=show_pdf_report&id=10795301
"Филиал Ассоциации ""Врачи Без Границ"" (Франция) в Российской Федерации",0016100043,,Ассоциация,СП0001,29.10.2012,http://unro.minjust.ru/NKOReports.aspx?mode=show_pdf_report&id=10795201
"Российское представительство ""Интернешнл Крисчиан Адопшнз"" (Международное христианское усыновление) США",0016020071,,Корпорация,СП0001,26.10.2012,http://unro.minjust.ru/NKOReports.aspx?mode=show_pdf_report&id=10791701
Представительство Некоммерческой корпорации Американского Фонда гражданских исследований и развития (США) в Российской Федерации,0016050035,,Корпорация,СП0003,26.10.2012,http://unro.minjust.ru/NKOReports.aspx?mode=show_pdf_report&id=10790801
Представительство Некоммерческой корпорации Американского Фонда гражданских исследований и развития (США) в Российской Федерации,0016050035,,Корпорация,СП0003,26.10.2012,http://unro.minjust.ru/NKOReports.aspx?mode=show_pdf_report&id=10790701
Представительство Некоммерческой корпорации Американского Фонда гражданских исследований и развития (США) в Российской Федерации,0016050035,,Корпорация,СП0003,26.10.2012,http://unro.minjust.ru/NKOReports.aspx?mode=show_pdf_report&id=10790601
"Филиал корпорации ""Ворлд Вижн Интернешнл"" (США) в Российской Федерации",0016050111,,Корпорация,СП0001,26.10.2012,http://unro.minjust.ru/NKOReports.aspx?mode=show_pdf_report&id=10790401
Представительство Некоммерческой корпорации Американского Фонда гражданских исследований и развития (США) в Российской Федерации,0016050035,,Корпорация,СП0003,26.10.2012,http://unro.minjust.ru/NKOReports.aspx?mode=show_pdf_report&id=10790301
"Представительство некоммерческой корпорации ""Смоул Уорлд Эдопшн Фондэйшн оф Миссури, Инк"" (США) в Российской Федерации",0016050036,,Корпорация,СП0003,18.10.2012,http://unro.minjust.ru/NKOReports.aspx?mode=show_pdf_report&id=10758701
"Представительство некоммерческой корпорации ""Смоул Уорлд Эдопшн Фондэйшн оф Миссури, Инк"" (США) в Российской Федерации",0016050036,,Корпорация,СП0001,18.10.2012,http://unro.minjust.ru/NKOReports.aspx?mode=show_pdf_report&id=10758501
Представительство Национального исследовательского фонда  Кореи (Республика Корея)  в Российской Федерации,0016040031,,Фонд,СП0001,09.10.2012,http://unro.minjust.ru/NKOReports.aspx?mode=show_pdf_report&id=10731301
Представительство Некоммерческой корпорации Американского Фонда гражданских исследований и развития (США) в Российской Федерации,0016050035,,Корпорация,СП0001,04.10.2012,http://unro.minjust.ru/NKOReports.aspx?mode=show_pdf_report&id=10722501
"Отделение Международной культурно-просветительской организации ""ХАМА"" (Израиль)",0016020045,1027739240451,Организация,СП0002,27.09.2012,http://unro.minjust.ru/NKOReports.aspx?mode=show_pdf_report&id=10706101
Представительство Национального исследовательского фонда  Кореи (Республика Корея)  в Российской Федерации,0016040031,,Фонд,СП0001,02.08.2012,http://unro.minjust.ru/NKOReports.aspx?mode=show_pdf_report&id=10586901
"Представительство организации ""Право на здоровье"" (США) в Росийской Федерации",0016050104,,Корпорация,СП0001,31.07.2012,http://unro.minjust.ru/NKOReports.aspx?mode=show_pdf_report&id=10579501
"Представительство Корпорации ""Кидсейв Интернейшнл"" (США) в Российской Федерации",0016050054,,Корпорация,СП0001,31.07.2012,http://unro.minjust.ru/NKOReports.aspx?mode=show_pdf_report&id=10579401
"Представительство Корпорации ""Ньюклиа Трит Инишиэйтив, Инк"", США, В Российской Федерации",0016050052,,Корпорация,СП0001,31.07.2012,http://unro.minjust.ru/NKOReports.aspx?mode=show_pdf_report&id=10573101
"Представительство некоммерческой организации  ""ГБК-Здоровье"" (США) в Российской Федерации",0016020084,,Организация,СП0001,26.07.2012,http://unro.minjust.ru/NKOReports.aspx?mode=show_pdf_report&id=10563701
"Представительство некоммерческой корпорации ""Смоул Уорлд Эдопшн Фондэйшн оф Миссури, Инк"" (США) в Российской Федерации",0016050036,,Корпорация,СП0001,24.07.2012,http://unro.minjust.ru/NKOReports.aspx?mode=show_pdf_report&id=10556601
"Представительство корпорации ""Американские Советы по Международному Образованию: АСПРЯЛ/АКСЕЛС, Инк."" в Российской Федерации",0016050091,,Корпорация,СП0001,23.07.2012,http://unro.minjust.ru/NKOReports.aspx?mode=show_pdf_report&id=10551501
"Представительство Корпорации ""Американский Центр по Образованию и Тестированию, Инк."" в Россиской Федерации",0016050092,,Корпорация,СП0001,23.07.2012,http://unro.minjust.ru/NKOReports.aspx?mode=show_pdf_report&id=10551401
"Филиал Ассоциации ""Врачи Без Границ"" (Франция) в Российской Федерации",0016100043,,Ассоциация,СП0001,20.07.2012,http://unro.minjust.ru/NKOReports.aspx?mode=show_pdf_report&id=10546401
"Филиал корпорации ""Ворлд Вижн Интернешнл"" (США) в Российской Федерации",0016050111,,Корпорация,СП0001,19.07.2012,http://unro.minjust.ru/NKOReports.aspx?mode=show_pdf_report&id=10541401
"Филиал компании с ответственностью, ограниченной гарантией, и не имеющей акционерного капитала ""Международный форум лидеров бизнеса (Соединенное Королевство) в Российской Федерации",0016080005,,Автономная некоммерческая организация,СП0003,14.05.2012,http://unro.minjust.ru/NKOReports.aspx?mode=show_pdf_report&id=10215701
"Филиал компании с ответственностью, ограниченной гарантией, и не имеющей акционерного капитала ""Международный форум лидеров бизнеса (Соединенное Королевство) в Российской Федерации",0016080005,,Автономная некоммерческая организация,СП0001,14.05.2012,http://unro.minjust.ru/NKOReports.aspx?mode=show_pdf_report&id=10215601
"Филиал компании с ответственностью, ограниченной гарантией, и не имеющей акционерного капитала ""Международный форум лидеров бизнеса (Соединенное Королевство) в Российской Федерации",0016080005,,Автономная некоммерческая организация,СП0002,14.05.2012,http://unro.minjust.ru/NKOReports.aspx?mode=show_pdf_report&id=10215101
"Отделение Международной неправительственной некоммерческой организации  ""Международный совет ботанических садов по охране растений""(начало процедуры ликвидации, расп. от 13.03.2012 № 450-р)",0016020005,1027739407134,Организация,СП0001,02.05.2012,http://unro.minjust.ru/NKOReports.aspx?mode=show_pdf_report&id=10144501
"Представительство некоммерческой организации  ""ГБК-Здоровье"" (США) в Российской Федерации",0016020084,,Организация,СП0001,28.04.2012,http://unro.minjust.ru/NKOReports.aspx?mode=show_pdf_report&id=10133301
"Представительство Мичиганской Некоммерческой Корпорации ""Американз фор Интернейшенл Эйд энд Адопшн"" (США) в Российской Федерации",0016050058,,Корпорация,СП0001,28.04.2012,http://unro.minjust.ru/NKOReports.aspx?mode=show_pdf_report&id=10130901
"Представительство Мичиганской Некоммерческой Корпорации ""Американз фор Интернейшенл Эйд энд Адопшн"" (США) в Российской Федерации",0016050058,,Корпорация,СП0002,28.04.2012,http://unro.minjust.ru/NKOReports.aspx?mode=show_pdf_report&id=10124301
"Представительство некоммерческой корпорация ""Прожект Хармони, Инк."" (США) в Российской Федерации",0016050030,,Корпорация,СП0002,23.04.2012,http://unro.minjust.ru/NKOReports.aspx?mode=show_pdf_report&id=10057201
"Представительство Корпорации ""Американский Центр по Образованию и Тестированию, Инк."" в Россиской Федерации",0016050092,,Корпорация,СП0001,23.04.2012,http://unro.minjust.ru/NKOReports.aspx?mode=show_pdf_report&id=10056301
"Отделение Международной неправительственной некоммерческой организации  ""Международный совет ботанических садов по охране растений""(начало процедуры ликвидации, расп. от 13.03.2012 № 450-р)",0016020005,1027739407134,Организация,СП0002,22.04.2012,http://unro.minjust.ru/NKOReports.aspx?mode=show_pdf_report&id=10043101
Восточно-Европейское отделение Международной Академии Наук Сан-Марино,0016020025,1027739258975,Организация,СП0002,18.04.2012,http://unro.minjust.ru/NKOReports.aspx?mode=show_pdf_report&id=9977501
Восточно-Европейское отделение Международной Академии Наук Сан-Марино,0016020025,1027739258975,Организация,СП0001,18.04.2012,http://unro.minjust.ru/NKOReports.aspx?mode=show_pdf_report&id=9977401
"Российское представительство ""Интернешнл Крисчиан Адопшнз"" (Международное христианское усыновление) США",0016020071,,Корпорация,СП0003,16.04.2012,http://unro.minjust.ru/NKOReports.aspx?mode=show_pdf_report&id=9864201
"Российское представительство ""Интернешнл Крисчиан Адопшнз"" (Международное христианское усыновление) США",0016020071,,Корпорация,СП0002,16.04.2012,http://unro.minjust.ru/NKOReports.aspx?mode=show_pdf_report&id=9863901
"Российское представительство ""Интернешнл Крисчиан Адопшнз"" (Международное христианское усыновление) США",0016020071,,Корпорация,СП0001,16.04.2012,http://unro.minjust.ru/NKOReports.aspx?mode=show_pdf_report&id=9863701
"Представительство корпорации ""Американские Советы по Международному Образованию: АСПРЯЛ/АКСЕЛС, Инк."" в Российской Федерации",0016050091,,Корпорация,СП0001,16.04.2012,http://unro.minjust.ru/NKOReports.aspx?mode=show_pdf_report&id=9817701
"Представительство Корпорации ""Американский Центр по Образованию и Тестированию, Инк."" в Россиской Федерации",0016050092,,Корпорация,СП0002,16.04.2012,http://unro.minjust.ru/NKOReports.aspx?mode=show_pdf_report&id=9816101
"Представительство корпорации ""Американские Советы по Международному Образованию: АСПРЯЛ/АКСЕЛС, Инк."" в Российской Федерации",0016050091,,Корпорация,СП0002,16.04.2012,http://unro.minjust.ru/NKOReports.aspx?mode=show_pdf_report&id=9815101
"Представительство Корпорации ""Ньюклиа Трит Инишиэйтив, Инк"", США, В Российской Федерации",0016050052,,Корпорация,СП0001,16.04.2012,http://unro.minjust.ru/NKOReports.aspx?mode=show_pdf_report&id=9755201
"Представительство некоммерческой организации  ""ГБК-Здоровье"" (США) в Российской Федерации",0016020084,,Организация,СП0002,13.04.2012,http://unro.minjust.ru/NKOReports.aspx?mode=show_pdf_report&id=9524901
"Представительство организации ""Право на здоровье"" (США) в Росийской Федерации",0016050104,,Корпорация,СП0002,12.04.2012,http://unro.minjust.ru/NKOReports.aspx?mode=show_pdf_report&id=9118601
"Представительство организации ""Право на здоровье"" (США) в Росийской Федерации",0016050104,,Корпорация,СП0001,12.04.2012,http://unro.minjust.ru/NKOReports.aspx?mode=show_pdf_report&id=9114301
"Филиал Ассоциации ""Врачи Без Границ"" (Франция) в Российской Федерации",0016100043,,Ассоциация,СП0001,11.04.2012,http://unro.minjust.ru/NKOReports.aspx?mode=show_pdf_report&id=8861001
"Филиал Ассоциации ""Врачи Без Границ"" (Франция) в Российской Федерации",0016100043,,Ассоциация,СП0002,11.04.2012,http://unro.minjust.ru/NKOReports.aspx?mode=show_pdf_report&id=8860001
Представительство Национального исследовательского фонда  Кореи (Республика Корея)  в Российской Федерации,0016040031,,Фонд,СП0001,05.04.2012,http://unro.minjust.ru/NKOReports.aspx?mode=show_pdf_report&id=8167201
Представительство Национального исследовательского фонда  Кореи (Республика Корея)  в Российской Федерации,0016040031,,Фонд,СП0001,05.04.2012,http://unro.minjust.ru/NKOReports.aspx?mode=show_pdf_report&id=8163801
"Филиал корпорации ""Ворлд Вижн Интернешнл"" (США) в Российской Федерации",0016050111,,Корпорация,СП0002,04.04.2012,http://unro.minjust.ru/NKOReports.aspx?mode=show_pdf_report&id=8027501
"Представительство некомерческой корпорации ""ФОНД ЕВРАЗИЯ"" (США) в Российской Федерации",0016050116,,Корпорация,СП0003,31.03.2012,http://unro.minjust.ru/NKOReports.aspx?mode=show_pdf_report&id=7759901
"Представительство Корпорации ""Кидсейв Интернейшнл"" (США) в Российской Федерации",0016050054,,Корпорация,СП0001,20.03.2012,http://unro.minjust.ru/NKOReports.aspx?mode=show_pdf_report&id=7055801
"Представительство Корпорации ""Кидсейв Интернейшнл"" (США) в Российской Федерации",0016050054,,Корпорация,СП0002,20.03.2012,http://unro.minjust.ru/NKOReports.aspx?mode=show_pdf_report&id=7055601
Представительство Некоммерческой корпорации Американского Фонда гражданских исследований и развития (США) в Российской Федерации,0016050035,,Корпорация,СП0002,20.03.2012,http://unro.minjust.ru/NKOReports.aspx?mode=show_pdf_report&id=7045901
"Отделение международной неправительственной некоммерческой организации ""Совет Гринпис"" - ГРИНПИС",0016020055,1037739393713,Организация,СП0002,15.03.2012,http://unro.minjust.ru/NKOReports.aspx?mode=show_pdf_report&id=6812401
"Отделение Международной неправительственной некоммерческой организации  ""Международный совет ботанических садов по охране растений""(начало процедуры ликвидации, расп. от 13.03.2012 № 450-р)",0016020005,1027739407134,Организация,СП0001,31.01.2012,http://unro.minjust.ru/NKOReports.aspx?mode=show_pdf_report&id=5905501
"Представительство организации ""Право на здоровье"" (США) в Росийской Федерации",0016050104,,Корпорация,СП0001,30.01.2012,http://unro.minjust.ru/NKOReports.aspx?mode=show_pdf_report&id=5879901
"Представительство Корпорации ""Кидсейв Интернейшнл"" (США) в Российской Федерации",0016050054,,Корпорация,СП0001,30.01.2012,http://unro.minjust.ru/NKOReports.aspx?mode=show_pdf_report&id=5874701
"Представительство Корпорации ""Ньюклиа Трит Инишиэйтив, Инк"", США, В Российской Федерации",0016050052,,Корпорация,СП0001,30.01.2012,http://unro.minjust.ru/NKOReports.aspx?mode=show_pdf_report&id=5872601
"Представительство Корпорации ""Американский Центр по Образованию и Тестированию, Инк."" в Россиской Федерации",0016050092,,Корпорация,СП0001,27.01.2012,http://unro.minjust.ru/NKOReports.aspx?mode=show_pdf_report&id=5857001
"Представительство корпорации ""Американские Советы по Международному Образованию: АСПРЯЛ/АКСЕЛС, Инк."" в Российской Федерации",0016050091,,Корпорация,СП0002,27.01.2012,http://unro.minjust.ru/NKOReports.aspx?mode=show_pdf_report&id=5856901
"Представительство корпорации ""Американские Советы по Международному Образованию: АСПРЯЛ/АКСЕЛС, Инк."" в Российской Федерации",0016050091,,Корпорация,СП0001,27.01.2012,http://unro.minjust.ru/NKOReports.aspx?mode=show_pdf_report&id=5856501
"Филиал корпорации ""Ворлд Вижн Интернешнл"" (США) в Российской Федерации",0016050111,,Корпорация,СП0001,26.01.2012,http://unro.minjust.ru/NKOReports.aspx?mode=show_pdf_report&id=5836201
"Филиал Ассоциации ""Врачи Без Границ"" (Франция) в Российской Федерации",0016100043,,Ассоциация,СП0001,19.01.2012,http://unro.minjust.ru/NKOReports.aspx?mode=show_pdf_report&id=5737201
Представительство Национального исследовательского фонда  Кореи (Республика Корея)  в Российской Федерации,0016040031,,Фонд,СП0001,19.01.2012,http://unro.minjust.ru/NKOReports.aspx?mode=show_pdf_report&id=5736401
Представительство Национального исследовательского фонда  Кореи (Республика Корея)  в Российской Федерации,0016040031,,Фонд,СП0002,19.01.2012,http://unro.minjust.ru/NKOReports.aspx?mode=show_pdf_report&id=5736301
"Представительство корпорации ""Американские Советы по Международному Образованию: АСПРЯЛ/АКСЕЛС, Инк."" в Российской Федерации",0016050091,,Корпорация,СП0003,14.11.2011,http://unro.minjust.ru/NKOReports.aspx?mode=show_pdf_report&id=5423901
"Представительство корпорации ""Американские Советы по Международному Образованию: АСПРЯЛ/АКСЕЛС, Инк."" в Российской Федерации",0016050091,,Корпорация,СП0003,14.11.2011,http://unro.minjust.ru/NKOReports.aspx?mode=show_pdf_report&id=5423801
"Представительство корпорации ""Американские Советы по Международному Образованию: АСПРЯЛ/АКСЕЛС, Инк."" в Российской Федерации",0016050091,,Корпорация,СП0003,14.11.2011,http://unro.minjust.ru/NKOReports.aspx?mode=show_pdf_report&id=5423701
"Представительство корпорации ""Американские Советы по Международному Образованию: АСПРЯЛ/АКСЕЛС, Инк."" в Российской Федерации",0016050091,,Корпорация,СП0003,14.11.2011,http://unro.minjust.ru/NKOReports.aspx?mode=show_pdf_report&id=5423301
"Представительство корпорации ""Американские Советы по Международному Образованию: АСПРЯЛ/АКСЕЛС, Инк."" в Российской Федерации",0016050091,,Корпорация,СП0003,14.11.2011,http://unro.minjust.ru/NKOReports.aspx?mode=show_pdf_report&id=5423201
"Представительство корпорации ""Американские Советы по Международному Образованию: АСПРЯЛ/АКСЕЛС, Инк."" в Российской Федерации",0016050091,,Корпорация,СП0003,14.11.2011,http://unro.minjust.ru/NKOReports.aspx?mode=show_pdf_report&id=5423101
"Представительство корпорации ""Американские Советы по Международному Образованию: АСПРЯЛ/АКСЕЛС, Инк."" в Российской Федерации",0016050091,,Корпорация,СП0003,14.11.2011,http://unro.minjust.ru/NKOReports.aspx?mode=show_pdf_report&id=5423001
"Представительство Корпорации ""Американский Центр по Образованию и Тестированию, Инк."" в Россиской Федерации",0016050092,,Корпорация,СП0003,14.11.2011,http://unro.minjust.ru/NKOReports.aspx?mode=show_pdf_report&id=5422901
"Представительство Корпорации ""Американский Центр по Образованию и Тестированию, Инк."" в Россиской Федерации",0016050092,,Корпорация,СП0003,14.11.2011,http://unro.minjust.ru/NKOReports.aspx?mode=show_pdf_report&id=5422701
"Филиал Ассоциации ""Врачи Без Границ"" (Франция) в Российской Федерации",0016100043,,Ассоциация,СП0003,31.10.2011,http://unro.minjust.ru/NKOReports.aspx?mode=show_pdf_report&id=5403401
"Филиал Ассоциации ""Врачи Без Границ"" (Франция) в Российской Федерации",0016100043,,Ассоциация,СП0003,31.10.2011,http://unro.minjust.ru/NKOReports.aspx?mode=show_pdf_report&id=5403301
"Филиал Ассоциации ""Врачи Без Границ"" (Франция) в Российской Федерации",0016100043,,Ассоциация,СП0003,31.10.2011,http://unro.minjust.ru/NKOReports.aspx?mode=show_pdf_report&id=5403101
"Филиал Ассоциации ""Врачи Без Границ"" (Франция) в Российской Федерации",0016100043,,Ассоциация,СП0003,31.10.2011,http://unro.minjust.ru/NKOReports.aspx?mode=show_pdf_report&id=5402901
"Филиал Ассоциации ""Врачи Без Границ"" (Франция) в Российской Федерации",0016100043,,Ассоциация,СП0001,31.10.2011,http://unro.minjust.ru/NKOReports.aspx?mode=show_pdf_report&id=5402801
"Представительство Корпорации ""Кидсейв Интернейшнл"" (США) в Российской Федерации",0016050054,,Корпорация,СП0003,31.10.2011,http://unro.minjust.ru/NKOReports.aspx?mode=show_pdf_report&id=5402701
"Представительство Корпорации ""Кидсейв Интернейшнл"" (США) в Российской Федерации",0016050054,,Корпорация,СП0003,31.10.2011,http://unro.minjust.ru/NKOReports.aspx?mode=show_pdf_report&id=5400601
"Представительство Корпорации ""Кидсейв Интернейшнл"" (США) в Российской Федерации",0016050054,,Корпорация,СП0001,31.10.2011,http://unro.minjust.ru/NKOReports.aspx?mode=show_pdf_report&id=5398701
"Представительство организации ""Право на здоровье"" (США) в Росийской Федерации",0016050104,,Корпорация,СП0001,28.10.2011,http://unro.minjust.ru/NKOReports.aspx?mode=show_pdf_report&id=5398001
"Представительство организации ""Право на здоровье"" (США) в Росийской Федерации",0016050104,,Корпорация,СП0003,28.10.2011,http://unro.minjust.ru/NKOReports.aspx?mode=show_pdf_report&id=5397901
"Филиал благотворительной компании ""ЭВРИЧАЙЛД"" (Великобритания) в Российской Федерации",0016080004,,Автономная некоммерческая организация,СП0001,28.10.2011,http://unro.minjust.ru/NKOReports.aspx?mode=show_pdf_report&id=5397501
"Филиал благотворительной компании ""ЭВРИЧАЙЛД"" (Великобритания) в Российской Федерации",0016080004,,Автономная некоммерческая организация,СП0001,28.10.2011,http://unro.minjust.ru/NKOReports.aspx?mode=show_pdf_report&id=5397401
"Филиал корпорации ""Ворлд Вижн Интернешнл"" (США) в Российской Федерации",0016050111,,Корпорация,СП0001,27.10.2011,http://unro.minjust.ru/NKOReports.aspx?mode=show_pdf_report&id=5395601
"Филиал корпорации ""Ворлд Вижн Интернешнл"" (США) в Российской Федерации",0016050111,,Корпорация,СП0001,27.10.2011,http://unro.minjust.ru/NKOReports.aspx?mode=show_pdf_report&id=5395301
"Отделение Международной неправительственной некоммерческой организации  ""Международный совет ботанических садов по охране растений""(начало процедуры ликвидации, расп. от 13.03.2012 № 450-р)",0016020005,1027739407134,Организация,СП0003,26.10.2011,http://unro.minjust.ru/NKOReports.aspx?mode=show_pdf_report&id=5388401
"Отделение Международной неправительственной некоммерческой организации  ""Международный совет ботанических садов по охране растений""(начало процедуры ликвидации, расп. от 13.03.2012 № 450-р)",0016020005,1027739407134,Организация,СП0001,26.10.2011,http://unro.minjust.ru/NKOReports.aspx?mode=show_pdf_report&id=5388301
"Представительство Корпорации ""Американский Центр по Образованию и Тестированию, Инк."" в Россиской Федерации",0016050092,,Корпорация,СП0001,25.10.2011,http://unro.minjust.ru/NKOReports.aspx?mode=show_pdf_report&id=5385701
"Представительство Корпорации ""Американский Центр по Образованию и Тестированию, Инк."" в Россиской Федерации",0016050092,,Корпорация,СП0001,25.10.2011,http://unro.minjust.ru/NKOReports.aspx?mode=show_pdf_report&id=5385401
"Представительство корпорации ""Американские Советы по Международному Образованию: АСПРЯЛ/АКСЕЛС, Инк."" в Российской Федерации",0016050091,,Корпорация,СП0001,25.10.2011,http://unro.minjust.ru/NKOReports.aspx?mode=show_pdf_report&id=5385201
"Представительство корпорации ""Американские Советы по Международному Образованию: АСПРЯЛ/АКСЕЛС, Инк."" в Российской Федерации",0016050091,,Корпорация,СП0001,25.10.2011,http://unro.minjust.ru/NKOReports.aspx?mode=show_pdf_report&id=5385101
Представительство Национального исследовательского фонда  Кореи (Республика Корея)  в Российской Федерации,0016040031,,Фонд,СП0003,24.10.2011,http://unro.minjust.ru/NKOReports.aspx?mode=show_pdf_report&id=5382201
Представительство Национального исследовательского фонда  Кореи (Республика Корея)  в Российской Федерации,0016040031,,Фонд,СП0001,24.10.2011,http://unro.minjust.ru/NKOReports.aspx?mode=show_pdf_report&id=5382101
"Представительство Корпорации ""Ньюклиа Трит Инишиэйтив, Инк"", США, В Российской Федерации",0016050052,,Корпорация,СП0003,21.10.2011,http://unro.minjust.ru/NKOReports.aspx?mode=show_pdf_report&id=5374801
"Отделение Международной неправительственной некоммерческой организации  ""Международный совет ботанических садов по охране растений""(начало процедуры ликвидации, расп. от 13.03.2012 № 450-р)",0016020005,1027739407134,Организация,СП0001,29.07.2011,http://unro.minjust.ru/NKOReports.aspx?mode=show_pdf_report&id=5181701
"Представительство Корпорации ""Кидсейв Интернейшнл"" (США) в Российской Федерации",0016050054,,Корпорация,СП0001,28.07.2011,http://unro.minjust.ru/NKOReports.aspx?mode=show_pdf_report&id=5180001
"Представительство организации ""Право на здоровье"" (США) в Росийской Федерации",0016050104,,Корпорация,СП0001,28.07.2011,http://unro.minjust.ru/NKOReports.aspx?mode=show_pdf_report&id=5179901
"Филиал Ассоциации ""Врачи Без Границ"" (Франция) в Российской Федерации",0016100043,,Ассоциация,СП0001,17.07.2011,http://unro.minjust.ru/NKOReports.aspx?mode=show_pdf_report&id=5166601
"Филиал корпорации ""Ворлд Вижн Интернешнл"" (США) в Российской Федерации",0016050111,,Корпорация,СП0003,13.07.2011,http://unro.minjust.ru/NKOReports.aspx?mode=show_pdf_report&id=5157201
"Филиал корпорации ""Ворлд Вижн Интернешнл"" (США) в Российской Федерации",0016050111,,Корпорация,СП0001,13.07.2011,http://unro.minjust.ru/NKOReports.aspx?mode=show_pdf_report&id=5157101
Представительство Национального исследовательского фонда  Кореи (Республика Корея)  в Российской Федерации,0016040031,,Фонд,СП0001,12.07.2011,http://unro.minjust.ru/NKOReports.aspx?mode=show_pdf_report&id=5154301
Представительство Национального исследовательского фонда  Кореи (Республика Корея)  в Российской Федерации,0016040031,,Фонд,СП0002,03.05.2011,http://unro.minjust.ru/NKOReports.aspx?mode=show_pdf_report&id=4864701
"Представительство Корпорации ""Кидсейв Интернейшнл"" (США) в Российской Федерации",0016050054,,Корпорация,СП0001,28.04.2011,http://unro.minjust.ru/NKOReports.aspx?mode=show_pdf_report&id=4842301
Представительство Национального исследовательского фонда  Кореи (Республика Корея)  в Российской Федерации,0016040031,,Фонд,СП0001,27.04.2011,http://unro.minjust.ru/NKOReports.aspx?mode=show_pdf_report&id=4831201
Представительство Национального исследовательского фонда  Кореи (Республика Корея)  в Российской Федерации,0016040031,,Фонд,СП0001,27.04.2011,http://unro.minjust.ru/NKOReports.aspx?mode=show_pdf_report&id=4829101
"Филиал корпорации ""Ворлд Вижн Интернешнл"" (США) в Российской Федерации",0016050111,,Корпорация,СП0001,26.04.2011,http://unro.minjust.ru/NKOReports.aspx?mode=show_pdf_report&id=4812501
"Представительство некоммерческой корпорация ""Прожект Хармони, Инк."" (США) в Российской Федерации",0016050030,,Корпорация,СП0002,18.04.2011,http://unro.minjust.ru/NKOReports.aspx?mode=show_pdf_report&id=4672301
"Представительство некомерческой корпорации ""ФОНД ЕВРАЗИЯ"" (США) в Российской Федерации",0016050116,,Корпорация,СП0003,17.04.2011,http://unro.minjust.ru/NKOReports.aspx?mode=show_pdf_report&id=4634401
"Представительство некомерческой корпорации ""ФОНД ЕВРАЗИЯ"" (США) в Российской Федерации",0016050116,,Корпорация,СП0002,17.04.2011,http://unro.minjust.ru/NKOReports.aspx?mode=show_pdf_report&id=4634301
"Отделение Международной неправительственной некоммерческой организации  ""Международный совет ботанических садов по охране растений""(начало процедуры ликвидации, расп. от 13.03.2012 № 450-р)",0016020005,1027739407134,Организация,СП0002,15.04.2011,http://unro.minjust.ru/NKOReports.aspx?mode=show_pdf_report&id=4461901
"Отделение Международной неправительственной некоммерческой организации  ""Международный совет ботанических садов по охране растений""(начало процедуры ликвидации, расп. от 13.03.2012 № 450-р)",0016020005,1027739407134,Организация,СП0002,15.04.2011,http://unro.minjust.ru/NKOReports.aspx?mode=show_pdf_report&id=4457401
"Отделение Международной неправительственной некоммерческой организации  ""Международный совет ботанических садов по охране растений""(начало процедуры ликвидации, расп. от 13.03.2012 № 450-р)",0016020005,1027739407134,Организация,СП0002,15.04.2011,http://unro.minjust.ru/NKOReports.aspx?mode=show_pdf_report&id=4454301
"Отделение Международной неправительственной некоммерческой организации  ""Международный совет ботанических садов по охране растений""(начало процедуры ликвидации, расп. от 13.03.2012 № 450-р)",0016020005,1027739407134,Организация,СП0003,15.04.2011,http://unro.minjust.ru/NKOReports.aspx?mode=show_pdf_report&id=4443201
"Филиал благотворительной компании ""ЭВРИЧАЙЛД"" (Великобритания) в Российской Федерации",0016080004,,Автономная некоммерческая организация,СП0001,14.04.2011,http://unro.minjust.ru/NKOReports.aspx?mode=show_pdf_report&id=4097701
"Филиал благотворительной компании ""ЭВРИЧАЙЛД"" (Великобритания) в Российской Федерации",0016080004,,Автономная некоммерческая организация,СП0002,14.04.2011,http://unro.minjust.ru/NKOReports.aspx?mode=show_pdf_report&id=4094001
"Представительство Корпорации ""Американский Центр по Образованию и Тестированию, Инк."" в Россиской Федерации",0016050092,,Корпорация,СП0002,14.04.2011,http://unro.minjust.ru/NKOReports.aspx?mode=show_pdf_report&id=4067201
"Представительство Корпорации ""Американский Центр по Образованию и Тестированию, Инк."" в Россиской Федерации",0016050092,,Корпорация,СП0001,14.04.2011,http://unro.minjust.ru/NKOReports.aspx?mode=show_pdf_report&id=4066001
"Представительство корпорации ""Американские Советы по Международному Образованию: АСПРЯЛ/АКСЕЛС, Инк."" в Российской Федерации",0016050091,,Корпорация,СП0002,14.04.2011,http://unro.minjust.ru/NKOReports.aspx?mode=show_pdf_report&id=4063501
"Представительство корпорации ""Американские Советы по Международному Образованию: АСПРЯЛ/АКСЕЛС, Инк."" в Российской Федерации",0016050091,,Корпорация,СП0001,14.04.2011,http://unro.minjust.ru/NKOReports.aspx?mode=show_pdf_report&id=4059401
"Филиал Корпорации ""Проект Вермонт-Карелия Власть Закона, Инк."" (США) в Российской Федерации",0016050118,,Корпорация,СП0002,13.04.2011,http://unro.minjust.ru/NKOReports.aspx?mode=show_pdf_report&id=3819201
"Филиал компании с ответственностью, ограниченной гарантией, и не имеющей акционерного капитала ""Международный форум лидеров бизнеса (Соединенное Королевство) в Российской Федерации",0016080005,,Автономная некоммерческая организация,СП0001,13.04.2011,http://unro.minjust.ru/NKOReports.aspx?mode=show_pdf_report&id=3802401
"Отделение Международной неправительственной некоммерческой организации  ""Международный совет ботанических садов по охране растений""(начало процедуры ликвидации, расп. от 13.03.2012 № 450-р)",0016020005,1027739407134,Организация,СП0002,13.04.2011,http://unro.minjust.ru/NKOReports.aspx?mode=show_pdf_report&id=3787201
"Филиал компании с ответственностью, ограниченной гарантией, и не имеющей акционерного капитала ""Международный форум лидеров бизнеса (Соединенное Королевство) в Российской Федерации",0016080005,,Автономная некоммерческая организация,СП0003,13.04.2011,http://unro.minjust.ru/NKOReports.aspx?mode=show_pdf_report&id=3777101
"Филиал компании с ответственностью, ограниченной гарантией, и не имеющей акционерного капитала ""Международный форум лидеров бизнеса (Соединенное Королевство) в Российской Федерации",0016080005,,Автономная некоммерческая организация,СП0002,13.04.2011,http://unro.minjust.ru/NKOReports.aspx?mode=show_pdf_report&id=3774401
"Отделение Международной неправительственной некоммерческой организации  ""Международный совет ботанических садов по охране растений""(начало процедуры ликвидации, расп. от 13.03.2012 № 450-р)",0016020005,1027739407134,Организация,СП0001,13.04.2011,http://unro.minjust.ru/NKOReports.aspx?mode=show_pdf_report&id=3771901
"Филиал Ассоциации ""Врачи Без Границ"" (Франция) в Российской Федерации",0016100043,,Ассоциация,СП0002,13.04.2011,http://unro.minjust.ru/NKOReports.aspx?mode=show_pdf_report&id=3698201
"Филиал Ассоциации ""Врачи Без Границ"" (Франция) в Российской Федерации",0016100043,,Ассоциация,СП0001,13.04.2011,http://unro.minjust.ru/NKOReports.aspx?mode=show_pdf_report&id=3694101
"Представительство Корпорации ""Кидсейв Интернейшнл"" (США) в Российской Федерации",0016050054,,Корпорация,СП0002,11.04.2011,http://unro.minjust.ru/NKOReports.aspx?mode=show_pdf_report&id=3393201
"Представительство Корпорации ""Кидсейв Интернейшнл"" (США) в Российской Федерации",0016050054,,Корпорация,СП0002,11.04.2011,http://unro.minjust.ru/NKOReports.aspx?mode=show_pdf_report&id=3386301
"Филиал независимой некоммерческой организации ""Датская Церковная Помощь"" в Российской Федерации",0016020123,,Организация,СП0001,11.04.2011,http://unro.minjust.ru/NKOReports.aspx?mode=show_pdf_report&id=3368601
"Филиал независимой некоммерческой организации ""Датская Церковная Помощь"" в Российской Федерации",0016020123,,Организация,СП0002,11.04.2011,http://unro.minjust.ru/NKOReports.aspx?mode=show_pdf_report&id=3365301
"Отделение международной неправительственной некоммерческой организации ""Совет Гринпис"" - ГРИНПИС",0016020055,1037739393713,Организация,СП0002,11.04.2011,http://unro.minjust.ru/NKOReports.aspx?mode=show_pdf_report&id=3316801
"Представительство организации ""Право на здоровье"" (США) в Росийской Федерации",0016050104,,Корпорация,СП0002,08.04.2011,http://unro.minjust.ru/NKOReports.aspx?mode=show_pdf_report&id=3111201
"Представительство организации ""Право на здоровье"" (США) в Росийской Федерации",0016050104,,Корпорация,СП0001,08.04.2011,http://unro.minjust.ru/NKOReports.aspx?mode=show_pdf_report&id=3110901
"Филиал корпорации ""Ворлд Вижн Интернешнл"" (США) в Российской Федерации",0016050111,,Корпорация,СП0002,06.04.2011,http://unro.minjust.ru/NKOReports.aspx?mode=show_pdf_report&id=2874901
"Филиал Ассоциации ""Андикап Энтернасьональ"" в Российской Федерации (Франция)",0016100027,,Ассоциация,СП0002,10.03.2011,http://unro.minjust.ru/NKOReports.aspx?mode=show_pdf_report&id=1855001
"Филиал Ассоциации ""Андикап Энтернасьональ"" в Российской Федерации (Франция)",0016100027,,Ассоциация,СП0002,01.03.2011,http://unro.minjust.ru/NKOReports.aspx?mode=show_pdf_report&id=1724101
"Представительство некоммерческой организации  ""ГБК-Здоровье"" (США) в Российской Федерации",0016020084,,Организация,СП0001,31.01.2011,http://unro.minjust.ru/NKOReports.aspx?mode=show_pdf_report&id=1379501
"Представительство организации ""Право на здоровье"" (США) в Росийской Федерации",0016050104,,Корпорация,СП0003,29.12.2010,http://unro.minjust.ru/NKOReports.aspx?mode=show_pdf_report&id=725201
"Отделение Международной культурно-просветительской организации ""ХАМА"" (Израиль)",0016020045,1027739240451,Организация,СП0002,29.12.2010,http://unro.minjust.ru/NKOReports.aspx?mode=show_pdf_report&id=727001
"Представительство организации ""Право на здоровье"" (США) в Росийской Федерации",0016050104,,Корпорация,СП0002,29.12.2010,http://unro.minjust.ru/NKOReports.aspx?mode=show_pdf_report&id=1281201
"Представительство некоммерческой организации  ""ГБК-Здоровье"" (США) в Российской Федерации",0016020084,,Организация,СП0002,23.12.2010,http://unro.minjust.ru/NKOReports.aspx?mode=show_pdf_report&id=491901
"Филиал Некоммерческой корпорации ""Ризонинг Маинд, Инк"" (США) в Российской Федерации",0016050128,,Корпорация,СП0003,23.12.2010,http://unro.minjust.ru/NKOReports.aspx?mode=show_pdf_report&id=491801
"Филиал Некоммерческой корпорации ""Ризонинг Маинд, Инк"" (США) в Российской Федерации",0016050128,,Корпорация,СП0003,23.12.2010,http://unro.minjust.ru/NKOReports.aspx?mode=show_pdf_report&id=567901
"Филиал Некоммерческой корпорации ""Ризонинг Маинд, Инк"" (США) в Российской Федерации",0016050128,,Корпорация,СП0002,22.12.2010,http://unro.minjust.ru/NKOReports.aspx?mode=show_pdf_report&id=442001
"Филиал Ассоциации ""Врачи Без Границ"" (Франция) в Российской Федерации",0016100043,,Ассоциация,СП0002,13.12.2010,http://unro.minjust.ru/NKOReports.aspx?mode=show_pdf_report&id=233601
Представительство Ассоциации по международному усыновлению КРЕШЕРЕ ИНСИЕМЕ ОНЛУС в Российской Федерации,0016100044,,Ассоциация,СП0003,10.11.2010,http://unro.minjust.ru/NKOReports.aspx?mode=show_pdf_report&id=992901
